{
  "new_model": {
    "bleu": 9.683296792574769,
    "chrf": 43.41029911454511,
    "bleu_bp": 1.0,
    "bleu_precisions": [
      35.57046979865772,
      12.968299711815561,
      5.870445344129554,
      3.2467532467532467
    ],
    "chrf_beta": 2,
    "num_scored": 200
  },
  "baseline": {
    "bleu": 9.683296792574769,
    "chrf": 43.41029911454511,
    "bleu_bp": 1.0,
    "bleu_precisions": [
      35.57046979865772,
      12.968299711815561,
      5.870445344129554,
      3.2467532467532467
    ],
    "chrf_beta": 2,
    "num_scored": 200
  }
}