{
  "new_model": {
    "bleu": 10.457410772947233,
    "chrf": 44.41724996289892,
    "bleu_bp": 1.0,
    "bleu_precisions": [
      37.18968809675366,
      14.721539721539722,
      6.481215944938342,
      3.3702677746999075
    ],
    "chrf_beta": 2,
    "num_scored": 1400
  },
  "baseline": {
    "bleu": 10.462021975863555,
    "chrf": 44.37946064586962,
    "bleu_bp": 1.0,
    "bleu_precisions": [
      37.20152817574021,
      14.727570667759116,
      6.48493543758967,
      3.371824480369515
    ],
    "chrf_beta": 2,
    "num_scored": 1400
  }
}